{"cameraMode":{"drawMode":0,"name":"Shaded","section":"Shading Mode"},"sceneLighting":true,"audioPlay":false,"sceneViewState":{"m_AlwaysRefresh":false,"showFog":true,"showSkybox":true,"showFlares":true,"showImageEffects":true,"showParticleSystems":true,"showVisualEffectGraphs":true,"m_FxEnabled":true},"in2DMode":false,"pivot":{"x":-143.6171112060547,"y":-18.824708938598634,"z":151.21719360351563},"rotation":{"x":-0.05001430958509445,"y":0.48658794164657595,"z":-0.027917109429836274,"w":-0.8717495799064636},"size":142.96279907226563,"orthographic":false}